0,0,0,0,0,0,0,0
0,0,0,0,0,0,0,0
0,0,0,0,0,0,0,0
0,0,0,0,0,0,0,0
0,0,0,0,0,0,0,0
0,0,0,0,0,0,0,0
0,0,0,0,0,0,0,0
0,0,0,0,0,0,0,0
0,0,0,0,0,0,0,0
0,0,0,0,0,0,0,0
0,0,0,0,0,0,0,0
0,0,0,0,0,0,0,0
0,0,0,0,0,0,0,0
0,0,0,0,0,0,0,0
0,0,0,0,0,0,0,0
0,0,0,0,0,0,0,0
0,0,0,0,0,0,0,0
0,0,0,0,0,0,0,0
0,0,0,0,0,0,0,0
0,0,0,0,0,0,0,0
0,0,0,0,0,0,0,0
0,0,0,0,0,0,0,0
0.34,0,0,0,0.18,0.12,0,0
0.22,0,0,0,0.07,0.67,0.035,0
0,0,0,0,0,0,0,0
0,0,0,0,0,0,0,0
0,0,0,0,0,0,0,0
0,0,0,0,0,0,0,0
0.06,0,0,0,0.04,0.02,0,0
0,0,0,0,0,0,0,0
0,0,0,0,0,0,0,0
0,0,0,0,0,0,0,0
0,0,0,0,0,0,0,0
0,0,0,0,0,0,0,0
0,0,0,0,0,0,0,0
0,0,0,0,0,0,0,0
0,0,0,0,0,0,0,0
0,0,0,0,0,0,0,0
0,0,0,0,0,0,0,0
0,0,0,0,0,0,0,0
0,0,0,0,0,0,0,0
0,0,0,0,0,0,0,0
0,0,0,0,0,0,0,0
0.08,0,0,0,0,0,0,0
0,0,0,0,0,0,0,0
0,0,0,0,0,0,0,0
0,0,0,0,0,0,0,0
0,0,0,0,0,0,0,0
0,0,0,0,0,0,0,0
0,0,0,0,0,0,0,0
0,0,0,0,0,0,0,0
0,0,0,0,0,0,0,0
0,0,0,0,0,0,0,0
0,0,0,0,0,0,0,0
0,0,0,0,0,0,0,0
0,0,0,0,0,0,0,0
0,0,0,0,0,0,0,0
0,0,0,0,0,0,0,0
0,0,0,0,0,0,0,0
0,0,0,0,0,0,0,0
0,0,0,0,0,0,0,0
0,0,0,0,0,0,0,0
0,0,0,0,0,0,0,0
0,0,0,0,0,0,0,0
0,0,0,0,0,0,0,0
0,0,0,0,0,0,0,0
0,0,0,0,0,0,0,0
0,0,0,0,0,0,0,0
0,0,0,0,0,0,0,0
0,0,0,0,0,0,0,0
0,0,0,0,0,0,0,0
0,0,0,0,0,0,0,0
0,0,0,0,0,8,0,0
0,0,0,0,0,7.2,0,0
0,0,0,0,0,11,0,0
0,0,0,0,0,1.1,0,0
0,0,0,0,0,5,0,0
0,0,0,0,0,3,0,0
0,0,0,0,0,2,0,0
0,0,0,0,0,1,0,0
0,0,0,0,0,1,0,0
0,0,0,0,0,1,0,0
0,0,0,0,0,0,0,0
0,0,0,0,0,0,0,0
0,0,0,0,0,0,0,0
0,0,0,0,0,0,0,0
0,0,0,0,0,0,0,0
0,0,0,0,0,0,0,0
0,0,0,0,0,0,0,0
0,0,0,0,0,0,0,0
0,0,0,0,0,0,0,0
0,0,0,0,0,0,0,0
0,0,0,0,0,3,0,0
0,0,0,0,0,2,0,0
0,0,0,0,0,7,0,0
0,0,0,0,0,3,0,0
0,0,0,0,0,1,0,0
0,0,0,0,0,0,0,0
0,0,0,0,0,0,0,0
0,0,0,0,0,0,0,0
0,0,0,0,0,0,0,0
0,0,0,0,0,0,0,0
0,0,0,0,0,0,0,0
0,0,0,0,0,0,0,0
0,0,0,0,0,0,0,0
0,0,0,0,0,0,0,0
0,0,0,0,0,0,0,0
0,0,0,0,0,0,0,0
0,0,0,0,0,0,0,0
0,0,0,0,0,0,0,0
0,0,0,0,1.17,0,0.43,0
0.07,0.1,1,0,0.21,0.7,0.31,0
1.93,2.5,0,0,0.12,0.35,0.28,0
0.05,0,0.1,0,0.03,0,0,0
0,0,0,0,0,0,0,0
0,0,0,0,0,0,0,0
0,0,0,0,0,0,0,0
0,0,0,0,0,0,0,0
0,0,0,0,0,0,0,0
0,0,0,0,0,0,0,0
0,0,0,0,0.29,0,0.095,0
6.48,8,0,3,3.81,1.7,1.585,0
1.78,3.35,21,6,9.7,0.89,1.855,0
19.35,21.2,13,13.4,21.17,8.54,12.565,4
8.7,10,0,4,4.71,7.52,8.025,9
0.15,0.2,0,0,0,0,0,0
0,0,0,0,0,0,0,0
0,0,0,0,0,0,0,0
11.08,10.55,11.1,9.9,15.85,5.32,7.285,9
2.28,0,0,0,0.05,0.11,0.125,0
0,0,0,0,0,0,0,0
0,0,0,0,0,0,0,0
0,0,0,0,0,0,0,0
0,0,0,0,0,0,0,0
1.22,2.15,16,2.5,0.81,0.03,0.025,0.2
1.07,0.5,0,0,1.36,4.79,4.18,12
0.26,0.2,0,0,0,0,0,0
0,0,0,0,0,0,0,0
3.46,0.05,0,0,1.62,0.53,0,0
0,0,0,0,0,0,0,0
0,0,0,0,0,0,0,0
0,0,0,0,0,0,0,0.3
0,0,0,0,0,0,0,0
0,0,0,0,0,0,0,0
0,0,0,0,0,0,0,0
0,0,0,0,0,0,0,0
0,0,2,0,0,0,0,0
7.14,10.5,16.8,8,11.36,4.16,3.85,11
2.37,0.7,2,1,9.15,2.92,5.22,0
0,0,0,0,0,0,0,0
0,0,0.6,0,0,0,0,0
0.21,0.15,0,0,0,0,0,0
0,0.2,0.8,0.4,0.2,0.02,0.055,0
5.43,7.65,13.3,9,16.04,6.63,10.84,19.1
0.18,0,0,0,0,0,0,0
0,0,0,0,0,0,0,0
0,0,0,0,0,0,0,0
0,0,0,0,0,0,0,0
0,0,0,0,0,0,0,0
0.81,1,0.1,0,0.12,0,0.045,0
0.93,10,16,18,5,2.59,1.145,0
2.96,5.8,26,9.5,2.04,1.28,0.625,0.1
1.66,2.05,2,1.1,1.51,0.67,0.72,0.3
0.06,0.2,1.3,0.4,0.14,0.01,0,0
2.58,4.25,11,5.3,9.65,4.33,4.395,0.2
4.35,6.45,9.4,7.3,9.07,1.65,2.455,0
0.25,0,0,0,0.27,0.94,0.62,0
0,0,0,0,0,0,0,0.6
0.05,0,0,0,0,0.09,0,0
0,0.05,0.1,0.1,0.01,0,0,0
0.36,0.8,4,1,1.31,0.19,0.245,0
1.01,1.2,0,0.1,0.54,0.45,0.435,0.1
0.32,0.45,3.4,0.1,1.85,0.12,0.585,0
11.2,9.05,26.5,7.1,24.31,5.53,8.825,0.1
2.43,0.25,2.6,0.1,1.54,1.39,0.445,0
0,0,0,0,0,0,0,0
0,0,0,0,0,0,0,0
1.09,2.2,10,1.4,4.17,0.05,1.075,0
0.37,0.4,0.5,0.1,2.78,0.91,1.545,0.1
0.16,0.35,0.5,0.4,1.05,0,0.055,0
0,0,0,0,0,0,0,0
0,0,0,0,0,0,0,0
0,0,0,0,0,0,0,0
0,0,0,0,0,0,0,0
0,0,0,0,0,0,0,0
0,0,0,0,0,0,0,0
0,0,0,0,0,0,0,0
0.88,4.6,12,7,5.57,0.47,1.49,0
1.72,12.2,23.2,21.2,25.18,10.58,10.015,15
9.95,19.9,33,22.5,27.81,16.17,12.995,31
0.43,0,0,0,0.38,1.4,0.62,0
0,0,0,0,0,0,0,0
0,0,0,0,0,0,0,0
0,0,0,0,0.27,0.78,0.62,0
0,0,0,0,0,0,0,0
0.03,0,0,0,0,0,0,0
0,0,0,0,0,0,0,0
0,0,0,0,0,0,0,0
0,0,0,0,0,0,0,0
2.57,2.25,4.1,2,1.72,3.32,1.635,0.4
1.37,0,0,0,1.02,6.62,2.25,1
0,0,0,0,0,0,0,0
1.13,0.45,4,0.3,2.12,3.45,1.535,9
0.01,0,0.1,0,0,0.03,0,0
0.53,0.85,3.1,0.7,3.6,0.18,0.895,0
0,0,0,0,0.27,1.91,0.635,0
0,0,0,0,0,0,0,0
0,0,0,0,0,0,0,0
0,0.05,1,0.1,0.34,0,0.045,0
0.53,1.15,3,1.3,0.67,0.74,0.205,0
2,1,2,0,0.38,0.46,0.03,0
14.23,7,17.6,5.6,9.97,8.85,2.28,13
15.48,13.15,17,9.1,10.57,12.78,6.71,2
0.51,0,0,0,0,0.18,0,0
0,0,0,0,0,0,0,0
0,0,0,0,0,0,0,0
0.04,0,0,0,0,0,0,0
0.95,0,0,0,0.36,0.86,0.035,0
0,0,0,0,0,0,0,0
0,0,0,0,0,0,0,0
0,0.35,3,0.7,3.14,0,0.535,0
2.55,8.3,1.6,12.1,5.49,4.04,2.155,0
0.18,0.05,0,0.1,0.05,0.39,0,0
0,0,0,0,0,0,0,0
0,0,0,0,0,0,0,0
0,0,0,0,0,0,0,0
0,0,0,0,0,0,0,0
4.14,4.8,12,2,13.95,7.38,5.545,17.2
7.19,8.65,9.3,2.7,7.22,21.81,9.56,7
0,0,0.2,0,0,1.28,0,0
0,0.5,0.3,1,0.67,0.06,0.03,1
0,0,0,0,0,0,0,0
0,0,0,0,0,0,0,0
0,0,0,0,0,0,0,0
0,0,0,0,0,0,0,0
0,0,0,0,0,0,0,0
0,0,0,0,0,0,0,0
0,0,0,0,0,0,0,0
0.89,1.5,0.1,2,0.7,0.18,0.09,0.1
0.69,0,2.2,0,0.29,1.33,0.115,0
0,0,0,0,0.07,0.38,0.155,0
0,0,0,0,0,0,0,0
0,0,0,0,0,0.02,0,0
0,0,0,0,0,0,0,0
0,0,0,0,0,0,0,0
0.13,0.25,5,0.5,0.19,0,0,0
0.02,0,0,0,0,0,0,0
0,0,0,0,0,0,0,0
0,0,0,0,0,0,0,0
0,0,0,0,0,0,0,0
0,0,0,0,0,0,0,0
0,0,0,0,0,0,0,0
0,0,0,0,0,0,0,0
0,0,0,0,0,0,0,0
0,0,0,0,0,0,0,0
0,0,0,0,0,0,0,0
0,0,0,0,0,0,0,0
0,0,0,0,0,0,0,0
0,0,0,0,0,0,0,0
0,0,0,0,0,0,0,0
0,0,0,0,0,0,0,0
2.47,2.7,3,2.1,1.06,0.71,0.035,0
0.51,0,0,0,0,0,0,0
0,0,0,0,0,0,0,0
0,0,0,0,0,0,0,0
0.91,1.7,1.7,1.4,1.66,0.1,0.325,0
8.49,5.05,3,2,4.31,9.7,2.88,2.7
36.31,30.5,53.9,35,32.19,25.88,6.6,4.9
2.87,0,0.4,0,0.73,4.17,1.74,0
0,0,0,0,0,0,0,0
0,0,0,0,0,0,0,0
0,0,0,0,0,0,0,0
0,0,0,0,0,0,0,0
0,0,0,0,0,0,0,0
0,0,0,0,0,0,0,0
0,0,0,0,0,0,0,0
0,0,0,0,0,0,0,0
0,0,1,0,0.06,0,0.02,0
0,0,0,0,0,0,0,0
0,0,0,0,0,0,0,0
0,0,0,0,0,0,0,0
0,0,0,0,0,0,0,0
0.06,0.4,0.7,0.8,0.87,0.51,0.47,0
2.6,5.35,5.6,7.2,6.74,2.54,2.475,0
0,0,0,0,0,0,0,0
0,0,0,0,0,0,0,0
0,0,0,0,0,0,0,0
0,0,0,0,0,0,0,0
0.08,0,0,0,0.2,0.08,0.125,0
0.15,0,0,0,0,0,0,0
0.08,0,0,0,0,0,0,0
1.25,0,0,0,0.72,2.4,0.14,0
0.25,0.05,0,0.1,0.57,1.1,0.01,0
2.76,1.55,8,2.1,0.86,0.2,0.18,0
0.25,0,7,0,1.06,0.09,0,0
9.63,9.7,14,11,6.14,6.44,1.235,0
0,0,0,0,0,0,0,0
0,0,0,0,0,0,0,0
0,0,0,0,0,0,0,0
0,0,0,0,0,0,0,0
0,0,0,0,0,0,0,0
0,0,0,0,0,0,0,0
0,0,0,0,0,0.06,0.005,1
0.03,0,0.6,0,0,0.02,0,0
0,0,0,0,0,0,0,0
0,0,0,0,0,0,0,0
0,0,0,0,0,0,0,0
0,0,0,0,0,0,0,0
0,0,0,0,0.85,0,0.02,0
0,0.4,0,0.8,0.17,0.04,0.05,0
0.58,1.8,2.3,2,0.34,0,0,0
0.93,0.75,0,0.5,0.21,0.81,0.01,0
1.09,0.8,1,0.2,1.11,0.28,0.29,0
0.51,0.05,0.6,0.1,1.21,2.49,1.545,0
0,0,0,0,0,0,0,0
0,0,0,0,0,0,0,0
0,0,0,0,0,0,0,0
0,0,0,0,0,0,0,0
0,0,0,0,0,0,0,0
0,0,0,0,0,0,0,0
0,0,0,0,0,0,0,0
0,0,0,0,0,0,0,0
0,0,0,0,0,0,0,0
0,0,0,0,0,0,0,0
0,0,0,0,0,0,0,0
0,0,0,0,0,0,0,0
0,0,0,0,0,0,0,0
0,0,0,0,0,0,0,0
0,0,0,0,0,0,0,0
0,0,0,0,0,0,0,0
0,0,0,0,0,0,0,0
0,0,0,0,0,0,0,0
0,0,0,0,0,0,0,0
0,0,0,0,0,0,0,0
0,0,0,0,0,0,0,0
0,0,0,0,0,0,0,0
0,0,0,0,0,0,0,0
0,0,0,0,0,0,0,0
0,0,0,0,0,0,0,0
0,0,0,0,0,0,0,0
0,0,0,0,0,0,0,0
0,0,0,0,0,0,0,0
0,0,0,0,0,0,0,0
0,0,0,0,0,0,0,0
0,0,0,0,0,0,0,0
0,0,0,0,0,0,0,0
0,0,0,0,0,0,0,0
0,0,0,0,0,0,0,0
0,0,0,0,0,0,0,0
0,0,0,0,0,0,0,0
0,0,0,0,0,0,0,0
0,0,0,0,0,0,0,0
0,0,0,0,0,0,0,0
0,0,0,0,0,0,0,0
0,0,0,0,0,0,0,0
0,0,0,0,0,0,0,0
0,0,0,0,0,0,0,0
0,0,0,0,0,0,0,0
0,0,0,0,0,0,0,0
0,0,0,0,0,0,0,0
0,0,0,0,0,0,0,0
0,0,0,0,0,0,0,0
0,0,0,0,0,0,0,0
0,0,0,0,0,0,0,0
0,0,0,0,0,0,0,0
0,0,0,0,0,0,0,0
0,0,0,0,0,0,0,0
0,0,0,0,0,0,0,0
0,0,0,0,0,0,0,0
0,0,0,0,0,0,0,0
0,0,0,0,0,0,0,0
0,0,0,0,0,0,0,0
0,0,0,0,0,0,0,0
0,0,0,0,0,0,0,0
0,0,0,0,0,0,0,0
0,0,0,0,0,0,0,0
0,0,0,0,0,0,0,0
0,0,0,0,0,0,0,0
2.01,0.3,0.4,0,1.08,0.71,0,0
0,0,0,0,0,0,0,0
0,0,0,0,0,0,0,0
0,0,0,0,0,0,0,0
0,0,0,0,0,0,0,0
0,0,0,0,0,0,0,0
0,0,0,0,0,0,0,0
0,0,0,0,0,0,0,0
0,0,0,0,0,0,0,0
0,0,0,0,0,0,0,0
0,0,0,0,0,0,0,0
0,0,0,0,0,0,0,0
0,0,0,0,0,0,0,0
0,0,0,0,0,0,0,0
0,0,0,0,0.01,0.04,0.03,0
0,0,0,0,0,0,0,0
0,0,0,0,0,0,0,0
0,0,0,0,0,0,0,0
0,0,0,0,0,0,0,0
0,0,0,0,0,0,0,0
0,0,0,0,0,0,0,0
0,0,0,0,0,0,0,0
0,0,0,0,0,0,0,0
0,0,0,0,0,0,0,0
0,0,0,0,0,0,0,0
0,0,0,0,0,0,0,0
0,0,0,0,0,0,0,0
0,0,0,0,0,0,0,0
0,0,0,0,0,0,0,0
0,0,0,0,0,0,0,0
0,0,0,0,0,0,0,0
0,0,0,0,0,0,0,0
0,0,0,0,0,0,0,0
0,0,0,0,0,0,0,0
0,0,0,0,0,0,0,0
0,0,0,0,0,0,0,0
0,0,0,0,0,0,0,0
0,0,0,0,0,0,0,0
0,0,0,0,0,0,0,0
0,0,0,0,0,0,0,0
0,0,0,0,0,0,0,0
0,0,0,0,0,0,0,0
0,0,0,0,0,0,0,0
0,0,0,0,0,0,0,0
0,0,0,0,0,0,0,0
0,0,0,0,0,0,0,0
0,0,0,0,0,0,0,0
0,0,0,0,0,0,0,0
0,0,0,0,0,0,0,0
0,0,0,0,0,0,0,0
0,0,0,0,0,0,0,0
0,0,0,0,0,0,0,0
0,0,0,0,0,0,0,0
0,0,0,0,0,0,0,0
0,0,0,0,0,0,0,0
0,0,0,0,0,0,0,0
0,0,0,0,0,0,0,0
0,0,0,0,0,0,0,0
0,0,0,0,0,0,0,0
0,0,0,0,0,0,0,0
0,0,0,0,0,0,0,0
0,0,0,0,0,0,0,0
0,0,0,0,0,0,0,0
0,0,0,0,0,0,0,0
0,0,0,0,0,0,0,0
0,0,0,0,0,0,0,0
0,0,0,0,0,0,0,0
0,0,0,0,0,0,0,0
0,0,0,0,0,0,0,0
0,0,0,0,0,0,0,0
0,0,0,0,0,0,0,0
0,0,0,0,0,0,0,0
0,0,0,0,0,0,0,0
0,0,0,0,0,0,0,0
0,0,0,0,0,0,0,0
0,0,0,0,0,0,0,0
0,0,0,0,0,0,0,0
0.07,0.1,0,0,0.03,0,0.01,0
0.51,1.1,4.4,0.8,0.66,0,0.105,0
0.22,0.3,0.9,0,0,0.02,0,0
0,0,0,0,0,0,0,0
0,0,0,0,0,0,0,0
0,0,0,0,1.85,0,0,0
0,0,0,0,0,0,0,0
0,0,0,0,0,0,0,0
0,0,0,0,0,0,0,0
0,0,0,0,0,0,0,0
0,0,0,0,0,0,0,0
0,0,0,0,0,0,0,0
0,0,0,0,0,0,0,0
0,0,0,0,0,0.11,0,0
0,0,0,0,0,0,0,0
0,0,0,0,0,0,0,0
0,0.15,2.2,0.3,0.8,0.89,0.695,0
15.06,12.7,6,12,12.51,18.17,7.54,0
4.77,16,3,26,6.92,1.37,1.285,0
22.98,12,0.3,13,16.37,21.87,11.785,7.1
0,0,0,0,0,1.1,0,0
0,0,0,0,0,0,0,0
0,0,0,0,0,0,0,0
0,0,0,0,0,0,0,0
0,0,0,0,0,0,0,0
0,0,0,0,0,0,0,0
0,0,0,0,0,0,0,0
0,0.05,0.2,0.1,0.04,0,0.01,0
0,0.55,8.4,1.1,0.69,0,0.065,0
1.29,5,0,7,1.15,0.51,0.355,0
0.53,0.1,0,0,0.13,0.14,0,0
0,0,0,0,0,0,0,0
0,0.2,0,0.4,0.05,0,0,0.1
2.75,5.05,1.1,3.1,0.46,0.67,0.08,0
1.88,1.3,0,0.6,1.29,1.07,0.445,0
0,0,0,0,0,0,0,0
0,0,0,0,0,0,0,0
0,0,0,0,0,0,0,0
8.73,6.1,0,6.2,4.51,2.64,0.45,1
3.78,1.65,0,0,0.76,0.64,0,0.1
0.14,0,0,0,0.07,0.05,0,0
0,0,0,0,0,0,0,0
0,0,0,0,0,0,0,0
0,0,0,0,0,0,0,0
0,0,0,0,0,0,0,0
0,0,0,0,0,0,0,0
0,0,0,0,0,0,0,0
0,0,0,0,0,0,0,0
0,0,0,0,0,0.11,0,0
0,0,0,0,0,0.13,0,0
0.06,0,0,0,0.09,0.02,0.02,1.6
0.51,5.15,0.8,9.3,8.73,6.08,6.055,3
3.62,4.9,1.2,3.6,12.42,12.37,8.86,11
8.33,5.6,0.7,1,0.76,3.71,0.21,0
1.18,0,0,0,0.54,0.35,0,0
0,0,0,0,0,0,0,0
0,0,0,0,0,0,0,0
0.33,0.15,8,0.1,0.18,0.55,0.02,0
0.04,0.05,0.8,0,0.11,0,0,0
0.06,0,0,0,0.04,0.02,0,0
0,0,0,0,0,0,0,0
0,0,0,0,0,0,0,0
0,0,0,0,0.35,0.12,0.18,0
25.09,26.75,15.8,23,24.58,26.74,14.06,3
43.29,22.05,0.5,10.1,21.77,37.34,11.18,21
0.03,0,0,0,0,0,0,0
0,0,0,0,0,0,0,0
0,0,0,0,0,0,0,0
0.83,0.1,0,0,0,1.11,0.06,0
1.34,0,0,0,0.27,0.35,0,0
0,0,0,0,0,0,0,0
2.79,6.75,6.1,9,2.74,3.61,2.925,4
11.7,13.6,15.2,13,8.08,16.15,6.675,20
16.21,9.3,2.5,9.6,10.51,25.33,6.73,73
14.52,10.95,2.7,7.9,4.46,14.11,3.725,23
1.51,1.65,2,0.3,0.49,0.99,0.9,0
0.08,0,0,0,0,0,0,0
7.95,9.5,5.9,8,2.02,23.77,12.805,22
3.61,2.2,2,4.1,1.41,2.64,0.835,1
0,0.25,0.8,0.5,0.03,0.04,0,0.4
0,0,0,0,0,0,0,0
0,0,0,0,0,0,0,0
0,0,0.3,0,0,0,0,0
0.53,0.65,2,0.4,1.74,4.39,3.615,3.8
2.32,3.3,17,5.6,2.44,5.21,1.835,9
0.11,0.4,1.5,0.5,0.19,0.04,0.105,0
0.07,1.6,5.1,3,0.84,2.13,1.985,2.4
5.72,13.15,24,16,4.27,7.52,3.94,1
0,0,0.1,0,0.01,0,0.02,0
2.75,1.1,0.9,0.6,0.28,0.51,0.03,3
0,0,0,0,0,0,0,0
0,0,0,0,0,0,0,0
0,0,0,0,0,0,0,0
0,0,0,0,0,0,0,0
0,0,0,0,0,0,0,0
0,0,0,0,0,0,0,0
0,0,0,0,0,0,0,0
0,0.15,2,0.3,2.73,4.93,5.405,1
2.62,3.4,10,4.4,3.09,16.07,10.945,11
0,0,0,0,0,0.02,0,0
0,0,0,0,0,0,0,0
0,0,0,0,0,0,0,0
0,0,0,0,0.04,0.19,0.285,7
0,0,0,0,0,0,0,0
0,0,0,0,0,0,0,0
0,0,0,0,0,0,0,0
0,0,0,0,0,0,0,0
0,0,0,0,0,0,0,0
0,0,0,0,0,0,0,0
0,0,0,0,0,11,0,0
0,0,0,0,0,0,0,0
0,0,0,0,0,0,0,0
0.52,3.6,11,6,0.42,0,0,0
4.43,7.5,9,7,2.21,0,3.125,4
0.18,0,0,0,0.01,0,0,0
0,0,0.1,0,0,0,0,0
0,0,0,0,0,0,0,0
2.69,8.5,6,13,5.03,0,3.95,1.2
8.58,5,1,2,1.25,0,1.495,0.5
0.04,0.05,0.6,0,0.95,0,0.535,0
1.3,4.2,12,5,12.63,0,12.045,23
1.36,0.35,0,0.5,0.93,0,1.385,0.2
0,0,0,0,0,0,0,0
0,0,0,0,0,0,0,0
0,0,0,0,0,0,0,0
0,0,0,0,0,0,0,0
0,0,0,0,0,0,0,0
0,0,0,0,0,0,0,0
0,0,0,0,0,1,0,0
0,0,0.9,0,0.41,0,0,0
1.12,0.9,3.2,0.4,0.61,0,1.925,0
0.4,0,0,0,0.09,1,0.02,0
0,0,0,0,0,0,0,0
0,0,0,0,0,0,0,0
0.45,1.3,1.3,1.6,2.26,0,2.075,1
5.24,6.65,24,9.2,3.49,0,1.185,20
0.12,0.55,0,1,2.61,0,6.64,0.6
0,0,0,0,0,0,0,0
0,0,0,0,0,0,0,0
1.16,3,9,3,2.66,1.64,2.575,0.4
3.08,1.75,7.8,0.4,1.01,9.38,1.36,11.2
0,0,2.2,0,0,0,0,0
0,0,0,0,0,0,0,0
12.74,14.2,12,14,5.01,25.34,5.405,6.1
3.41,0,0,0,0.16,0.38,0.065,0
0,0,0,0,0,0.03,0,0
1.14,1.1,1.9,1.5,0.54,0.56,0.12,0
0,0,0,0,0,0,0,0
0,0,0,0,0,0,0,0
0.04,0.05,0.1,0,0.01,0,0.01,0
0,0,0,0,0,0,0,0
0,0,0,0,0,0,0,0
0,0,0,0,0,0,0,0
0,0,0,0,0,0,0,0
0,0,0,0,0,0,0,0
0,0,2,0,0,0,0,0
0,0,0,0,0.05,0.35,0.125,0
0,0,0,0,0,0,0,0
0,0,0,0,0,0,0,0
0,0,0,0,0,0,0,0
0,0,0,0,0,0,0,0
1.46,3,7,2,8.42,4.16,3.475,0.9
2.16,12.1,25.4,21.1,11.97,6.51,2.4,10.3
14.27,10.5,0.8,7,4.84,19.78,3.555,5.7
0.51,0,0,0,0,0,0,0
0,0,0,0,0,0,0,0
0,0,0,0,0,0,0,0
0,0,0,0,1.6,0.62,0.845,2
3.06,7.85,7.2,8.7,8.86,22.35,9.975,2
2.44,3.95,3,2.3,0.63,2.22,0.645,0
0,0,1,0,0,0,0,0
0,0,0,0,0,0,0,0
0,0,0,0,0,0,0,0
0,0,0,0,0,0,0,0
0,0,0,0,0,1,0,0
0,0,0,0,0,1,0,0
0,0,0,0,0,4,0,0
1.6,7.7,9,11.4,10.22,6.83,3.89,1
19.46,21.05,26.3,26,27.46,27.32,17.92,4.5
1.19,0.9,0,1.1,2.22,5.12,1.575,0
0,0,0,0,0,0,0.055,0
0,0,0,0,0,0,0,0
0,0,0,0,0,0,0,0
0,0,0,0,0,0,0,0
0,0,0,0,0,0,0,0
0,0,0,0,0,0,0,0
0,0,0,0,0,0,0,0
0,0,0,0,0,0,0,0
0,0,0,0,0,0,0,0
0,0,0,0,0,1,0,0
0,2,4.6,4,3.73,1,0.75,0
5.04,11.3,10.4,13,8.49,10,3.805,0
5.23,1.55,18,3,4.64,7,0.97,0.1
10.63,10.5,0.5,13,6.13,8.61,4.235,1
0,0,0,0,0,2,0,0
0,0,0,0,0,3,0,0
0,0,0,0,0,4,0,0
0,0,0,0,0,0,0,0
0,0,0,0,0,0,0,0
0,0,0,0,0,0,0,0
0,0,0,0,0,0,0,0
0,0,0,0,0,0,0,0
0,0,0,0,0,0,0,0
0.01,0,0,0,0,0,0,0
0.51,0,0,0,0,0.04,0,0
0,0,0,0,0,0,0,0
0,0,0,0,0,0,0,0
0,0,0,0,0,0,0,0
0,0.03,0.5,0.2,0.9,0,0.32,0
0.33,0.05,0.3,0.2,0.05,0.13,0,0
0.2,0.08,0.4,0.4,0.32,0.78,0.62,0
0,0,0,0,0,0,0,0
0,0,0,0,0,0,0,0
0,0,0,0,0,0,0.055,0
0.03,0.13,0.2,1,0.13,0.93,0.055,0
0,0,0,0,0.23,0,0.075,0
3.18,1.01,6.7,5.9,2.02,1.44,0.215,0.1
12.47,2.13,0,5,9.14,16.82,10.015,2
18.4,1.38,0,0,7.23,16.15,7.365,4
5.55,0.25,2,0,2.33,7.27,3.715,0
0.03,0.25,0,2,0.26,0,0,0
0,0,0,0,0,0.02,0,0
0,0,0,0,0,0,0,0
0,0,0,0,0,0,0,0
0,0,0,0,0,0,0,0
0,0,0,0,0,0,0,0
0,0,0,0,0,0,0,0
0,0,0,0,0,0,0,0
0,0,0,0,0,0,0,0
0,0,0.2,0,0.12,0,0.045,0
0,0,0,0,0,0,0,0
0,0,0,0,0,0,0,0
0,0,0,0,0,0,0,0
0,0,0,0,0,0,0,0
0,0,0,0,0,0,0,0
0,0,0,0,0,0,0,0
0,0,0,0,0,0,0,0
0,0,0,0,0,0,0,0
0,0,0,0,0,0,0,0
0,0,0,0,0,0,0,0
0.76,0,0,0,0,0,0,0
0,0,0,0,0,0,0,0
0,0,0,0,0,0,0,0
0,0,0,0,0,0,0,0
0,0,0,0,0,0,0,0
0,0,0,0,0,0,0,0
0,0,0,0,0,0,0,0
0,0,0,0,0,0,0,0
0,0,0,0,0,0,0,0
0,0,0,0,0,0,0,0
0,0,0,0,0,0,0,0
0,0,0,0,0,0,0,0
0,0,0,0,0,0,0,0
0,0,0,0,0,0,0,0
0,0,0,0,0,0,0,0
0,0,0,0,0,0,0,0
4.24,0.63,0,0,0.9,0.59,0,0
1.69,0,0,0,0.85,4.34,1.67,0
4.49,0,0,0,2.7,1.85,0,0
0,0,0,0,0,0,0,0
0.08,0,0,0,0,0,0,0
0.08,0,0,0,0,0,0,0
0,0,0,0,0,0,0,0
0,0,0,0,0,0,0,0
0,0,0,0,0,0,0,0
0,0,0,0,0,0,0,0
0,0,0,0,0,0,0,0
0,0,0,0,0,0,0,0
0,0,0,0,0,0,0,0
0,0,0,0,0,0,0,0
0,0,0,0,0,0,0,0
0,0,0,0,0,0,0,0
0,0,0,0,0,0,0,0
0,0,0,0,0,0,0,0
0,0,0,0,0,0,0,0
0,0,0,0,0,0,0,0
0,0,0,0,0,0,0,0
0,0,0,0,0,0,0,0
0,0,0,0,0,0,0,0
0,0,0,0,0,0,0,0
0,0,0,0,0,0,0,0
0,0,0,0,0,0,0,0
0,0,0,0,0,0,0,0
0,0,0,0,0,0,0,0
0,0,0,0,0,0,0,0
0,0,0,0,0,0,0,0
0,0,0,0,0,0,0,0
0,0,0,0,0,0,0,0
0,0,0,0,0,0,0,0
0,0,0,0,0,0,0,0
0,0,0,0,0,0,0,0
0,0,0,0,0,0,0,0
0,0,0,0,0,0,0,0
0.52,0,1,0,0.04,0.02,0,0
0.29,0.1,1.6,0,0.05,0.13,0.005,0.2
0.03,0,0,0,0,0,0,0
0,0,0,0,0,0,0,0
0,0,0,0,0,0,0,0
0,0,0,0,0,0,0,0
0,0,0,0,0,0,0,0
0,0,0,0,0,0,0,0
0,0,0,0,0.11,0.02,0,0
0,0,0,0,0,0,0,0
0,0,0,0,0,0,0,0
0,0,0,0,0,0,0,0
0,0,0,0,0,0,0,0
0,0,0,0,0,0,0,0
0,0,0,0,0,0,0,0
0,0,0,0,0,0,0,0
0,0,0,0,0,0,0,0
0,0,0,0,0,0,0,0
0,0,0,0,0,0,0,0
0,0,0,0,0,0,0,0
0,0,0,0,0,0,0,0
0,0,0,0,0,0,0,0
0,0,0,0,0,0,0,0
0,0,0,0,0,0,0,0
0,0,0,0,0,0,0,0
0,0,0,0,0,0,0,0
0,0,0,0,0,0,0,0
0,0,0,0,0,0,0,0
0,0,0,0,0,0,0,0
0,0,0,0,0,7,0,0
0,0,0,0,0,4,0,0
0,0,0,0,0,5,0,0
0,0,0,0,0,3,0,0
0,0,0,0,0,0,0,0
0,0,0,0,0,0,0,0
0,0,0,0,0,0,0,0
0,0,0,0,0,0,0,0
0,0,0,0,0,0,0,0
0,0,0,0,0,0,0,0
0,0,0,0,0,0,0,0
0,0,0,0,0,0,0,0
0,0,0,0,0,0,0,0
0,0,0,0,0,0,0,0
0,0,0,0,0,0,0,0
0,0,0,0,0,0,0,0
0,0,0,0,0,0,0,0
0,0,0,0,0,1,0,0
0,0,0,0,0,1,0,0
0,0,0,0,0,0,0,0
0,0,0,0,0,1,0,0
0,0,0,0,0,0,0,0
0,0,0,0,0,0,0,0
0,0,0,0,0,0,0,0
0,0,0,0,0,0,0,0
0,0,0,0,0,0,0,0
0,0,0,0,0,0,0,0
0,0,0,0,0,0,0,0
0,0,0,0,0,0,0,0
0,0,0,0,0,0,0,0
0,0,0,0,0,0,0,0
0,0,0,0,0,0,0,0
0,0,0,0,0,0,0,0
0,0,0,0,0,0,0,0
0.3,0,0,0,0.18,0.12,0,0
0.94,0,0,0,0.36,0.24,0,0
0.88,0.35,0,0,0.16,0.11,0,0
1.66,0.25,0,0,0.83,0.8,0.02,0
4.65,21,3,38,8.4,0.66,0.155,0
1.79,0,0,0,0,0.92,0,0
0,0,0,0,0,0,0,0
0,0,0,0,0,0,0,0
0,0,0,0,0,0,0,0
0,0,0,0,0,0,0,0
0,1.05,0.7,2.1,0.48,0,0,0
0,0,0,0,0.29,0,0.105,0
0.1,0.1,2.2,0,0.09,0.19,0.155,0
0,0,0,0,0,0,0,0
0,0,0,0,0,0,0,0
0,0,0,0,0,0,0,0
0,0,0,0,0,0,0,0
0,0,0,0,0,0,0,0
0,0,0,0,0,0,0,0
0,0,0,0,0,1,0,0
0,0,0,0,0,2,0,0
0,0,0,0,0,1,0,0
0,0,0,0,0,5,0,0
0,0,0,0,0,0,0,0
0,0,0,0,0,0,0,0
0,0,0,0,0,0,0,0
0,0,0,0,0,0,0,0
0,0,0,0,0,0,0,0
0,0,0,0,0,0,0,0
0,0,5,0,0.03,0,0,0
0,0,1,0,0.03,0,0,0
0,0,0,0,0,0,0,0
0,0,0,0,0,0,0,0
0.41,0.1,0,0,0.38,0.12,0.045,0
0.04,0,0,0,0,0.76,0,0
0,0.05,0,0.1,0.16,0.19,0.175,0
0,0.5,2,1,0.52,0.26,0.255,0
0.74,1,0.5,0,0.15,1.62,0.34,24
2.59,1.1,0,0.2,2.98,10.9,2.15,0
1.49,2.5,1.4,3,3.47,4.09,2.26,8
0.17,0,0,0,0,0,0,0.2
0,0,0,0,0,0,0,0
0,0,0,0,0,0,0,0
0,0,0,0,0,0,0,0
0,0,0,0,0,0,0,0
0,0,0,0,0,0,0,0
0.02,0.1,2,0.2,0.13,0,0,0
0,0,0,0,0,0,0,0
0,0,0,0,0,0,0,0
3.14,2,0,1,0.91,1.4,0.075,0
0.2,0,0,0,0,0.18,0,0
0,0,0,0,0,0,0,0
0,0,0,0,0,0,0,0
0.03,0.4,1,0.8,0.1,0.53,0.03,0
4.17,0.6,0.1,0,2.16,2.1,0.02,0
1.77,2.05,0,1,0.63,2.82,0.62,0
0,0,0,0,0,0,0,0
0,0,0,0,0,0,0,0
0,0,0,0,0,0,0,0
0.13,0.1,0,0,0.04,0.12,0.005,0
19.58,5.6,10.4,6.8,18.54,19.82,5.205,0.3
1.03,0,0,0,0,1.28,0,0
0,0,0,0,0,0,0,0
0,0,0,0,0,0,0,0
0.26,0.65,4,0.7,1.56,0,0.15,0
6.23,4,0,1,1.16,2.11,0.31,0
0,0,0,0,0,0,0,0
0,0,0,0,0,0,0,0
0,0,0,0,0,0,0,0.2
0,0,0,0,0,0,0,0
0,0,0,0,0,0,0,0
0,0,0,0,0,0,0,0
0,0.15,0,0.3,1.35,3.18,1.83,0
14.68,25,33,27,35.43,25.13,12.695,74
8.72,4.1,0.2,5.2,4,12.04,0.43,4.4
0,0,0,0,0.03,0,0.01,0
20.73,15.05,27,21,26.91,43.59,19.92,19.1
22.06,1,1,0,7.69,13.53,1.795,7
0.07,0.1,0.3,0,0.26,0,0.085,0
0,0.05,0,0.1,0.05,0.15,0.095,0.2
1.22,2.75,0.1,3,2.15,1.99,1.405,9.3
0,0,0,0,0,0,0,0
0,0,0,0,0,0,0,0
0.22,0,0,0,0.13,0.14,0.005,12
0.1,0,0,0,0.03,0,0.14,4
0.08,0,1,0,0.03,1.4,0.075,0.1
0.25,0,0,0,0.15,0.52,0.25,3.4
0.05,4,2,8,1.23,0,0.055,10
0.11,0,0,0,0.04,0.73,0.01,0
0,0,0,0,0,0,0,0
0,0,0.4,0,0.01,0.04,0.03,0
2.32,3.7,11.4,2.5,6.29,14.05,6.86,29.4
1.25,0.1,0.5,0,0.23,4.19,0.63,10.5
0,0,0,0,0,0,0,0
0,0,0,0,0,0,0,0
0,0,0,0,0,0,0,0
0,0,0,0,0,0,0,0
0,0,0,0,0,0,0,0
0,0,0,0,0,0,0,0
0,0,0,0,0,0.93,0.055,0
0,0,0.2,0,0.08,0,0.025,0
0.07,0.1,1,0,1.01,0,0.33,0
4.75,8,3.4,3,5.73,0.46,1.635,0
3.49,5.9,3,5.2,5,6.4,4.045,0
0.4,0.2,1.5,0,0.28,0.86,0.31,0
0.07,0.05,1,0,0.72,1.17,1.735,6
0.09,0.8,7.2,1.5,3.56,0.86,1.02,0
1.34,5.5,6,9,9.67,6.91,4.845,10
0,0,0,0,0,0,0,0
4.15,9.95,4,9.3,11.34,10.46,8.26,12
13.42,8.1,7,4.1,14.65,14.97,6.385,28
0.21,0,1,0,0.08,0.37,0,0
0.07,0.1,2.1,0,0.37,0,0.095,0
0,0,0,0,0.04,0.07,0.035,0
6.74,9.35,3.8,10.1,10.36,4.28,3.73,2
5.78,3,5.5,1.3,3.11,5.45,1.885,0
0.55,0.05,0,0.1,0.19,0.12,0,0
0,0,0,0,0,0,0,0
0,0,0,0,0,0,0,0
0,0,0,0,0,0,0,0
0,0,0,0,0,0,0,0
0,0,0,0,0,0,0,0
0,0,0,0,0,0,0,0
0,0,0,0,0,0,0,0
3.97,0.55,0,0,0.9,1.25,0.155,10
0.13,0,0,0,0,0.05,0,0
1.62,2.6,9,3.2,16.95,4.04,5.575,4.3
0.83,0.05,0,0.1,0.67,1.33,0.41,0
0,0,0,0,0,0,0,0
0,0,0,0,0,0,0,0
0,0,0,0,0,0,0,0
2.64,6.6,13,7,9.32,5.24,4.225,3
3.49,4.8,14.3,1.4,9.97,3.19,4.33,8
1.61,0.05,0,0.1,1.15,1.87,0.245,0
0.8,0,0.1,0,0.45,0.6,0.03,0
0,0,0,0,0,0,0,0
0,0,0,0,0,0,0,0
0,0,0,0,0,0,0,0
0,0,0,0,0,0,0,0
0,0,0,0,0,0,0,0
0,0,0,0,0,0,0,0
0,0,0,0,0,0,0,0
0,0,0,0,0,0,0,0
0,0,0,0,0,0,0,0
0,0,0,0,0,0,0,0
0,0,0,0,0,0,0,0
0.03,0.05,7.4,0.1,4.02,0.42,1.105,2
7.25,17,25,21,22.91,9.69,7.41,6
13.52,14.5,16,14,12.69,7.61,5.63,0
0,0,0,0,0,0,0,0
0,0,0,0,0,0,0,0
0,0,0,0,0,0,0,0
1.63,0.5,0,0,1.66,1.13,0.93,0
5.56,2.65,0.6,2.5,9.93,9.11,5.03,21
0.79,0.7,0,0.7,0.52,2.12,1.785,9
0.05,0,0,0,0.05,0.41,0.13,0
0,0,0,0,0,0,0,0
0,0,0,0,0,0,0,0
0,0,0,0,0.23,0.12,0.115,0
0,0,0,0,0,0.04,0.035,0
0,0,0,0,0.19,0,0,0
0.07,0.1,0.8,0,0.33,0,0.055,0
0,0,0,0,0,0,0,0
0,0,0,0,0,0,0,0
0,0,0,0,0,0,0,0
0,0,0,0,0,0,0,0
0,0,0,0,0,0,0,0
0,0,0,0,0,0,0,0
0,0,0,0,0,0,0,0
0,0,0,0,0,0,0,0
0,0,0,0,0,0,0,0
0,0,0,0,0,0,0,0
0,0,0,0,0,0,0,0
0,0,0,0,0,0,0,0
0,0,0,0,0,0,0,0
0,0,0,0,0,0,0,0
0,0,0,0,0.05,0.16,0.125,0
0,0,0,0,0,0,0,0.2
0,0,0,0,0,0,0.005,0.4
13.48,23.45,19,32.3,34.44,23.95,14.845,2.3
5.33,12.45,20.1,19,17.15,13.55,9.13,17
0.46,1.4,3.9,1.8,7.94,2.75,3.59,0
0.36,2.3,1.6,4,6.13,3.88,2.425,0
3.33,0.5,2.4,0,0.96,2.2,1.375,0
6.82,10.35,11.6,10,13.81,11.26,7.035,0
2.32,0,0.2,0,0.18,2.5,1.56,1
0,0,0,0,0,0,0,0
0,0,0,0,0,0,0,0
0.11,0.15,0,0,0,0,0,0
1.73,3.5,1,3,0.91,0,0,8
3.59,1.7,0,0,0.83,2.35,1.47,0
1.91,3.6,0.5,3,5.39,1.21,0.76,0
3.77,4.35,7.4,2.7,3.42,4.53,2.83,0
0.03,0,0,0,0.03,0,0,0
0.79,1.5,5,1,0.93,0.65,0.405,0.1
10.64,7.1,24.2,3,3.99,16.7,10.435,14
5.19,4.5,7,7,4.4,8.41,5.255,42
1.95,1.2,1,2.4,2.26,1.6,1,0
0.09,0.4,1.5,0.8,1.23,0.17,0.105,0
0,0,0,0,0,0,0,0
0.41,3,8,5,3.15,0.09,0.06,0
0,0,0,0,0,0.03,0.015,0
0,0,0,0,0,0,0,0
1.46,0,0,0,3.65,12.08,7.55,2.4
5.76,1.85,3,0.3,3.91,8.86,5.535,3.2
18.4,13.65,11,10.1,10.34,22.36,13.975,10
4.02,6.5,11,8,2.65,2.1,1.31,0
0.25,2.15,1.2,4.3,1.93,0.07,0.04,0
0.03,0.1,0.2,0.2,0.03,0.49,0.305,0
0.33,0.45,1.2,0.8,1.43,0.71,0.445,0
0.92,1.7,0.6,1.4,1.38,0.61,0.38,0
10.3,22.55,27,25,19.76,2.76,1.725,0
31.24,43.3,38,45.6,38.77,38.62,33.175,2.1
2.39,0.5,7,0,0.86,6.72,1.605,2
1.78,3.25,9.1,6,6.76,4.04,2.94,0
3.74,3.4,0.3,1.8,0.53,3.75,0.1,0
0.05,0,0,0,0,0,0,0
0,0,0,0,0,0,0,0
0.11,0.15,0.1,0,0.03,0,0,0
0,0.1,0,0.2,0.03,0,0,0
0.07,0.1,4.7,0,0,0,0,0
0,0,0,0,0,0,0,0
0,0,0,0,0,0,0,0
0,0,0,0,0,0,0,0
0,0,0,0,0,0,0,0
3.79,4.1,0,0.1,0.86,0.16,0.125,0
3.67,5.3,0.1,1,1.74,1.61,1.47,0
2.6,3.55,2.2,3.1,0.75,0.63,0.28,0.4
0,0,0,0,0,0,0,0
0,0,0,0,0,0,0,0
0,0,0,0,0,0,0,0
0.58,0.5,0,0,0.12,0.06,0.01,0
0.65,1.25,2,0.9,0.46,0,0,0
0,0,0,0,0,0,0,0
0,0,0,0,0,0,0,0.2
0,0,0,0,0,0,0,0
0,0,0,0,0,0,0,0
0,0,0,0,0,0,0,0
0,0,0,0,0,0,0,0
0,0,0,0,0,0,0,0
0,0,0,0,0,0,0,0
0,0,0,0,0,0,0,0
0,0,0,0,0,0,0,0
0.24,0.4,0,0.2,0.11,0,0.01,0
0.08,0,0,0,0,0,0,0
0,0,0,0,0,0,0,0
0,0,0,0,0,0,0,0
0,0,0,0,0,0,0,0
0,0,0,0,0,0,0,0
0,0,0,0,0,0,0,0
0,0,0,0,0,0,0,0
0,0,0,0,0,0,0,0
0,0,0,0,0,0,0,0
0,0,0,0,0,0,0,0
0,0,0,0,0,0,0,0
0,0,0,0,0,0,0,0
0,0,0,0,0,0,0,0
0,0,0,0,0,0,0,0
0,0,0,0,0,0,0,0
0,0,0,0,0,0,0,0
0,0,0,0,0,0,0,0
0,0,0,0,0,0,0,0
0,0,0,0,0,0,0,0
0,0,0,0,0,0,0,0
0,0,0,0,0,0,0,0
0.06,0,0,0,0.04,0.02,0,0
0,0,0,0,0,0,0,0
0,0,0,0,0,0,0,0
0,0,0,0,0,0,0,0
0,0,0,0,0,0,0,0
0,0,0,0,0,0,0,0
0,0,0,0,0,0,0,0
0,0,0,0,0,0,0,0
0,0,0,0,0,0,0,0
0,0,0,0,0,0,0,0
0,0,0,0,0,0,0,0
0,0,0,0,0,0,0,0
0,0,0,0,0,0,0,0
0,0,0,0,0,0,0,0
0,0,0,0,0,0,0,0
0,0,0,0,0,0,0,0
0,0,0,0,0,0,0,0
0,0,0,0,0,0,0,0
0,0,0,0,0,0,0,0
0,0,0,0,0,0,0,0
0,0,0,0,0,0,0,0
0,0,0,0,0,0,0,0
0,0,0,0,0,0,0,0
0,0,0,0,0,0,0,0
0,0,0,0,0,0,0,0
0,0,0,0,0,0,0,0
0,0,0,0,0,0,0,0
0,0,0,0,0,0,0,0
0,0,0,0,0,0,0,0
0,0,0,0,0,0,0,0
0,0,0,0,0,0,0,0
0,0,0,0,0,0,0,0
0,0,0,0,0,0,0,0
0,0,0,0,0,0,0,0
0,0,0,0,0,0,0,0
0,0,0,0,0,0,0,0
0,0,0,0,0,0,0,0
0,0,0,0,0,0,0,0
0,0,0,0,0,0,0,0
0,0,0,0,0,0,0,0
0,0,0,0,0,0,0,0
0,0,0,0,0,0,0,0
0.34,0,0,0,0.18,0.12,0,0
0.22,0,0,0,0.07,0.67,0.035,0
0,0,0,0,0,0,0,0
0,0,0,0,0,0,0,0
0,0,0,0,0,0,0,0
0,0,0,0,0,0,0,0
0.06,0,0,0,0.04,0.02,0,0
0,0,0,0,0,0,0,0
0,0,0,0,0,0,0,0
0,0,0,0,0,0,0,0
0,0,0,0,0,0,0,0
0,0,0,0,0,0,0,0
0,0,0,0,0,0,0,0
0,0,0,0,0,0,0,0
0,0,0,0,0,0,0,0
0,0,0,0,0,0,0,0
0,0,0,0,0,0,0,0
0,0,0,0,0,0,0,0
0,0,0,0,0,0,0,0
0,0,0,0,0,0,0,0
0,0,0,0,0,0,0,0
0.08,0,0,0,0,0,0,0
0,0,0,0,0,0,0,0
0,0,0,0,0,0,0,0
0,0,0,0,0,0,0,0
0,0,0,0,0,0,0,0
0,0,0,0,0,0,0,0
0,0,0,0,0,0,0,0
0,0,0,0,0,0,0,0
0,0,0,0,0,0,0,0
0,0,0,0,0,0,0,0
0,0,0,0,0,0,0,0
0,0,0,0,0,0,0,0
0,0,0,0,0,0,0,0
0,0,0,0,0,0,0,0
0,0,0,0,0,0,0,0
0,0,0,0,0,0,0,0
0,0,0,0,0,0,0,0
0,0,0,0,0,0,0,0
0,0,0,0,0,0,0,0
0,0,0,0,0,0,0,0
0,0,0,0,0,0,0,0
0,0,0,0,0,0,0,0
0,0,0,0,0,0,0,0
0,0,0,0,0,0,0,0
0,0,0,0,0,0,0,0
0,0,0,0,0,0,0,0
0,0,0,0,0,0,0,0
0,0,0,0,0,0,0,0
0,0,0,0,0,0,0,0
0,0,0,0,0,8,0,0
0,0,0,0,0,7.2,0,0
0,0,0,0,0,11,0,0
0,0,0,0,0,1.1,0,0
0,0,0,0,0,5,0,0
0,0,0,0,0,3,0,0
0,0,0,0,0,2,0,0
0,0,0,0,0,1,0,0
0,0,0,0,0,1,0,0
0,0,0,0,0,1,0,0
0,0,0,0,0,0,0,0
0,0,0,0,0,0,0,0
0,0,0,0,0,0,0,0
0,0,0,0,0,0,0,0
0,0,0,0,0,0,0,0
0,0,0,0,0,0,0,0
0,0,0,0,0,0,0,0
0,0,0,0,0,0,0,0
0,0,0,0,0,0,0,0
0,0,0,0,0,0,0,0
0,0,0,0,0,3,0,0
0,0,0,0,0,2,0,0
0,0,0,0,0,7,0,0
0,0,0,0,0,3,0,0
0,0,0,0,0,1,0,0
0,0,0,0,0,0,0,0
0,0,0,0,0,0,0,0
0,0,0,0,0,0,0,0
0,0,0,0,0,0,0,0
0,0,0,0,0,0,0,0
0,0,0,0,0,0,0,0
0,0,0,0,0,0,0,0
0,0,0,0,0,0,0,0
0,0,0,0,0,0,0,0
0,0,0,0,0,0,0,0
0,0,0,0,0,0,0,0
0,0,0,0,0,0,0,0
0,0,0,0,0,0,0,0
0,0,0,0,1.17,0,0.43,0
0.07,0.1,1,0,0.21,0.7,0.31,0
1.93,2.5,0,0,0.12,0.35,0.28,0
0.05,0,0.1,0,0.03,0,0,0
0,0,0,0,0,0,0,0
0,0,0,0,0,0,0,0
0,0,0,0,0,0,0,0
0,0,0,0,0,0,0,0
0,0,0,0,0,0,0,0
0,0,0,0,0,0,0,0
0,0,0,0,0.29,0,0.095,0
6.48,8,0,3,3.81,1.7,1.585,0
1.78,3.35,21,6,9.7,0.89,1.855,0
19.35,21.2,13,13.4,21.17,8.54,12.565,4
8.7,10,0,4,4.71,7.52,8.025,9
0.15,0.2,0,0,0,0,0,0
0,0,0,0,0,0,0,0
0,0,0,0,0,0,0,0
11.08,10.55,11.1,9.9,15.85,5.32,7.285,9
2.28,0,0,0,0.05,0.11,0.125,0
0,0,0,0,0,0,0,0
0,0,0,0,0,0,0,0
0,0,0,0,0,0,0,0
0,0,0,0,0,0,0,0
1.22,2.15,16,2.5,0.81,0.03,0.025,0.2
1.07,0.5,0,0,1.36,4.79,4.18,12
0.26,0.2,0,0,0,0,0,0
0,0,0,0,0,0,0,0
3.46,0.05,0,0,1.62,0.53,0,0
0,0,0,0,0,0,0,0
0,0,0,0,0,0,0,0
0,0,0,0,0,0,0,0.3
0,0,0,0,0,0,0,0
0,0,0,0,0,0,0,0
0,0,0,0,0,0,0,0
0,0,0,0,0,0,0,0
0,0,2,0,0,0,0,0
7.14,10.5,16.8,8,11.36,4.16,3.85,11
2.37,0.7,2,1,9.15,2.92,5.22,0
0,0,0,0,0,0,0,0
0,0,0.6,0,0,0,0,0
0.21,0.15,0,0,0,0,0,0
0,0.2,0.8,0.4,0.2,0.02,0.055,0
5.43,7.65,13.3,9,16.04,6.63,10.84,19.1
0.18,0,0,0,0,0,0,0
0,0,0,0,0,0,0,0
0,0,0,0,0,0,0,0
0,0,0,0,0,0,0,0
0,0,0,0,0,0,0,0
0.81,1,0.1,0,0.12,0,0.045,0
0.93,10,16,18,5,2.59,1.145,0
2.96,5.8,26,9.5,2.04,1.28,0.625,0.1
1.66,2.05,2,1.1,1.51,0.67,0.72,0.3
0.06,0.2,1.3,0.4,0.14,0.01,0,0
2.58,4.25,11,5.3,9.65,4.33,4.395,0.2
4.35,6.45,9.4,7.3,9.07,1.65,2.455,0
0.25,0,0,0,0.27,0.94,0.62,0
0,0,0,0,0,0,0,0.6
0.05,0,0,0,0,0.09,0,0
0,0.05,0.1,0.1,0.01,0,0,0
0.36,0.8,4,1,1.31,0.19,0.245,0
1.01,1.2,0,0.1,0.54,0.45,0.435,0.1
0.32,0.45,3.4,0.1,1.85,0.12,0.585,0
11.2,9.05,26.5,7.1,24.31,5.53,8.825,0.1
2.43,0.25,2.6,0.1,1.54,1.39,0.445,0
0,0,0,0,0,0,0,0
0,0,0,0,0,0,0,0
1.09,2.2,10,1.4,4.17,0.05,1.075,0
0.37,0.4,0.5,0.1,2.78,0.91,1.545,0.1
0.16,0.35,0.5,0.4,1.05,0,0.055,0
0,0,0,0,0,0,0,0
0,0,0,0,0,0,0,0
0,0,0,0,0,0,0,0
0,0,0,0,0,0,0,0
0,0,0,0,0,0,0,0
0,0,0,0,0,0,0,0
0,0,0,0,0,0,0,0
1.43,7.1,3.4,11,4.24,4.25,3.89,7.3
0.84,5.05,4.6,8.3,8.41,1.77,2.65,0
0.29,0.6,3,0.4,0.05,0.09,0,0
0,0,0,0,0,0,0,0
0,0,0,0,0,0,0,0
0,0,0,0,0,0,0,0
0,0,0,0,0,0,0,0
0,0,0,0,0,0,0,0
0,0,0,0,0,0,0,0
0,0,0,0,0,0,0,0
0,0,0,0,0,0,0,0
1.57,7.9,9,12.3,9.77,0.35,1.535,0
10.34,16.2,5,13,9.97,2.51,2.215,0.3
6.37,3.65,0,0,0.9,1.17,1.235,0
0,0,0,0,0,0,0,0
1.98,1.65,0,2.6,3.69,2.22,2.51,0.2
0.09,0,0,0,0,0.02,0,0
4.48,5.95,4.9,4.9,9.12,2.34,2.87,1.5
15.95,10.7,0.3,7,9.3,8.55,5.54,2.8
0,0,0,0,0,0,0.085,1.3
0,0,0,0,0,0,0,0
0,0,0,0,0,0,0,0
0,0,0,0,0,0,0,0
0,0,0,0,0,0,0,0
8.9,13.5,32,14.5,17.44,5.25,6.55,12
0.33,0.1,5,0,1.64,0.41,0.36,0
0.03,0,0,0,0,0,0,0
0,0,0,0,0,0,0,0
0,0,0,0,0,0,0,0
0,0,0,0,0,0,0,0
0,0,0.2,0,0,0.04,0.02,0.3
21.68,29.5,24,16,13.53,4.75,6.065,0
25.23,1.5,0.4,0,8.11,13.76,6.37,1
0,0,0,0,0,0,0,0
0,0,0,0,0,0,0,0
0,0,0,0,0.03,0,0.01,0
0.22,0.3,0,0,0,0,0,0
0,0,0,0,0,0,0,0
0.04,0.65,3,1.2,2.15,0,0.535,0
0,0,0,0,0,0,0,0
6.3,15.5,31,17,11.8,6.01,3.615,6
6.81,5.8,4,4.2,5,10.42,4.795,2
0.29,0.2,5.9,0.3,0.91,0.33,0.35,0
5.76,3.65,14.6,2.1,6.66,4.35,1.54,0
0.75,0,0.3,0,0.34,0.69,0.015,0
3.01,6,16,5,2.81,1.05,0.16,0
4.05,4.5,5.2,3,1.79,4.1,0.975,0
4.29,5.4,13,6.1,6.35,3.51,1.64,0.1
0.25,0,1,0,0,0.07,0,0
0.11,0.15,0,0,0.26,0,0,0
0,0,0,0,0,0,0,0
0.07,0.1,0,0,0,0,0.025,0.4
11.91,11.55,15,10.1,13.09,5.93,3.245,7
0.35,0.1,5,0.2,1.43,0.12,0.32,0
0.54,0.05,2.4,1,0.42,1.22,0.185,0
1.22,0.1,0,1,0.54,0.35,0,0
0,0,0,2,0,0,0,0
0,0,0,2,0,0,0,0
0,0.4,0.4,3,0.1,0,0,0
0.44,0.65,0.1,4,0.19,0.19,0.185,0
0,0,0,1,0,0,0,0
0.48,0.15,1.3,0,0.33,0.59,0.21,0.2
13.74,15.92,8,7,8.2,6.55,1.74,1
6.87,1.22,0,8,1.39,3.02,0.32,0
0,0,0,5,0,0,0,0
0.1,0.18,0,0,0.04,0.72,0.045,0.1
0.38,2.2,0,8,0.13,0.44,0.31,0
5.03,18.3,0.2,0,0.72,2.34,0.11,0
6.3,28.91,4.3,15,8.94,2.15,2.445,0
0.77,0,0,1,0,0.37,0,0
0,0,0,0,0,0,0,0
0,0,0,0,0,0,0,0
3.77,20.5,1.8,3.6,3.34,5,1.03,0
0,0,0,1,0,0,0,0
0.27,0,4,2,1.06,0,0,0
0,0,0.2,4,0.24,0,0,0
1.2,0.37,0.3,0.2,0.15,0.92,0.02,0
4.52,0,0,10,0.04,0.82,0.28,4
0,0,0,12,0.5,0,0.105,0
0,0,0.1,18,0.08,0,0,0
14.44,12.44,3.5,16.7,9.83,3.2,2.48,8.5
14.4,39.1,11.5,20,29.55,34.09,14.8,19
1.19,0.85,1,0.4,5.49,0.21,1.485,0
0,0,0,0,0,0,0,0
0,0,0,0,0,0,0,0
0,0,0,0,0.11,0,0,0
5.56,3.42,0,1,0.19,0.02,0,0
20.2,4.88,0.5,2,1.87,1.11,0,0
0,0,0,0,0,0,0,0
0,0,0,0,0,0,0,0
0,1,0,0,0,0,0,0
0,1,0,0,0,0,0,0
0,1,0,0,0,0,0,0
0,0,2,0,0.03,0,0.01,0
5.49,5.2,1,6.4,0.82,1.27,0.145,0
0,2,2,0,0.12,0,0.045,0
0.49,8,0,12,0.16,0.48,0.045,0
3.26,12.5,0,2,0.08,0.22,0.07,0.7
0,24,0,2,0,0,0,0
0,9,0,0,0,0.54,0.28,4
13.87,14.64,0,8,1.81,14.06,0.52,1
1.96,6,2,1,0.36,2.92,0.055,0
15.92,19.03,25.3,4,4.92,22.81,3.45,1.8
3.63,15.2,10,6,1.73,0.26,0.13,0
0.08,0,0,1,0,0.04,0,0
0,0,0,1,0,0,0,0
5.31,6.7,0.5,6.8,2.55,10.09,1.735,4.7
13.63,11,1,6,4.25,12.27,2.705,13.8
8.35,0.6,2,5,4.99,24.66,4,18
0.03,0,0,1,0,0,0,0
0,0,0,0,0,0,0,0
0,0,0,0,0.15,0.06,0.055,0
0.14,0,13,0,1.93,3.71,0.985,0.3
2.4,2.4,24.9,0.7,2.91,0.12,0.52,1
3.47,1,0,0,0.26,0.98,0.31,0
0,0,0,0,0,0,0,0
0,0,0,0,0,0,0,0
0,0,0,0,0,0,0,0
0,0,0,0,0,0,0,0
0,0,0,0,0,0,0,0
0,0,0,0,0,0,0,0
0,0,0,0,0,0,0,0
0,0,0,0,0,0,0,0
0.12,0.45,0,0.5,0.06,0,0,0
0,0,0,0,0,0,0,0
0,0,0,0,0,0,0,0
0,0,0,0,0,0,0,0
0,0,0,0,0,0,0,0
0.04,0,0,0,0.04,0.02,0,0
0,0,0,0,0,0,0,0
0,0,0,0,0,0,0,0
0.07,0,0,0,0.04,0.02,0,0
0.69,0.3,0.3,0,0.41,0.24,0,0
1.71,0,0,0,0.36,1.7,0,0
0,0,0,0,0,0,0,0
0,0,0,0,0,0,0,0
0.13,0,0,0,0.47,1.21,0.925,0
0,0,0,0,0,0,0,0
0,0,0,0,0,0,0,0
0.3,0,0.1,0,0.18,0.12,0,0
0,0,0,0,0,0,0,0
0,0,0,0,0,0,0,0
0,0,0.4,0,0,0,0,0
0.9,1.95,0.5,2.9,0.75,0.82,0.265,0
0.6,0.9,16,1.3,0.25,0.23,0.185,0
3.26,1.5,0,0,0.9,0.73,0.005,0
0,0,0,0,1.27,0.04,0.49,0
0,0.4,0,0.8,0.77,0.07,0.225,0
0,0,0,0,0.05,0,0,0
0.05,0,0,0,0,0,0,0
0,0,0,0,0,0,0,0
0.08,0,0,0,0,0.04,0,0
0,0,0,0,0,0,0,0
0,0,0,0,0,0,0,0
0,0,0,0,0,0,0,0
0,0,0,0,0,0,0,0
0,0,0,0,0,0,0,0
0,0,0,0,0,0,0,0
0,0,0,0,0,0,0,0
0,0,0,0,0,0,0,0
0,0,0,0,0,0,0,0
0,0,0,0,0,0,0,0
0,0,0,0,0,0,0,0
0,0,0,0,0,0,0,0
0,0,0,0,0,0,0,0
0,0,0,0,0,0,0,0
0,0,0,0,0,0,0,0
0,0,0,0,0,0,0,0
0,0,0,0,0,0,0,0
0,0,0,0,0,0,0,0
0,0,0,0,0,0,0,0
0,0,0,0,0,0,0,0
0,0,0,0,0,0,0,0
0,0,0,0,0,0,0,0
0,0,0,0,0,0,0,0
0,0,0,0,0,0,0,0
0,0,0,0,0,0,0,0
0,0,0,0,0,0,0,0
0,0,0,0,0,0,0,0
0,0,0,0,0,0,0,0
0,0,0,0,0,0,0,0
0,0,0,0,0,0,0,0
0,0,0,0,0,0,0,0
0,0,0,0,0,0,0,0
0,0,0,0,0,0,0,0
0,0,0,0,0,0,0,0
0,0,0,0,0,0,0,0
0,0,0,0,0,0,0,0
0,0,0,0,0,0,0,0
0,0,0,0,0,0,0,0
0,0,0,0,0,0,0,0
0,0,0,0,0,0,0,0
0,0,0,0,0,0,0,0
0,0,0,0,0,0,0,0
0,0,0,0,0,0,0,0
0,0,0,0,0,0,0,0
0,0,0,0,0,0,0,0
0,0,0,0,0,0,0,0
0,0,0,0,0,0,0,0
0,0,0,0,0,0,0,0
0,0,0,0,0,0,0,0
0,0,0,0,0,0,0,0
0,0,0,0,0,0,0,0
0,0,0,0,0,0,0,0
0,0,0,0,0,0,0,0
0,0,0,0,0,0,0,0
0,0,0,0,0,0,0,0
0,0,0,0,0,0,0,0
0,0,0,0,0,0,0,0
0,0,0,0,0,0,0,0
0,0,0,0,0,0,0,0
0,0,0,0,0,0,0,0
0,0,0,0,0,0,0,0
0,0,0,0,0,0,0,0
0,0,0,0,0,0,0,0
0,0,0,0,0,0,0,0
0,0,0,0,0,0,0,0
0,0,0,0,0,0,0,0
0,0,0,0,0,0,0,0
0,0,0,0,0,0,0,0
0,0,0,0,0,0,0,0
0,0,0,0,0,0,0,0
0,0,0,0,0,0,0,0
0,0,0,0,0,0,0,0
0,0,0,0,0,0,0,0
0,0,0,0,0,0,0,0
0,0,0,0,0,1,0,0
0,0,0,0,0,3,0,0
0,0,0,0,0,5,0,0
0,0,0,0,0,0,0,0
0,0,0,0,0,0,0,0
0,0,0,0,0,0,0,0
0,0,0,0,0,0,0,0
0,0,0,0,0,0,0,0
0,0,0,0,0,0,0,0
0,0,0,0,0,0,0,0
0,0,0,0,0,0,0,0
0,0,0,0,0,0,0,0
0,0,0,0,0,0,0,0
0,0,0,0,0,0,0,0
0,0,0,0,0,0,0,0
0,0,0,0,0,0,0,0
0,0,0,0,0,0,0,0
0,0,0,0,0,0,0,0
0,0,0,0,0,1,0,0
0,0,0,0,0,2,0,0
0,0,0,0,0,5,0,0
0,0,0,0,0,0,0,0
0,0,0,0,0,0,0,0
0,0,0,0,0,0,0,0
0,0,0,0,0,0,0,0
0,0,0,0,0,0,0,0
0,0,0,0,0,0,0,0
0,0,0,0,0,0,0,0
0,0,0,0,0,0,0,0
0,0,0,0,0,0,0,0
0,0,0,0,0,0,0,0
0,0,0,0,0,0,0,0
0,0,0,0,0,0,0,0
0,0,0,0,0,0,0,0
0,0,0,0,0,1,0,0
0,0,0,0,0,1,0,0
0,0,0,0,0,0,0,0
0,0,0,0,0,0,0,0
0,0,0,0,0,0,0,0
0,0,0,0,0,0,0,0
0,0,0,0,0,0,0,0
0,0,0,0,0,0,0,0
0,0,0,0,0,0,0,0
0,0,0,0,0,0,0,0
0,0,0,0,0,0,0,0
0,0,0,0,0,0,0,0
0.96,1.75,1.3,1.3,0.22,0,0,0
1.82,0.65,0,0,0.63,0.85,0.735,0
0,0,0,0,0,0.09,0,0
0,0,0,0,0,0,0,0
0,0,0,0,0,0,0,0
0,0,0,0,0,0,0,0
0,0,0,0,0,0,0,0
0,0,0,0,0,0,0,0
0,0,0,0,0,0,0,0
0,0,0,0,0,1,0,0
0,0,0,0,0,0,0,0
0,0,0,0,0.05,0,0,0
0,0,0,0,0,0,0,0
0,0,0,0,0,0,0,0
0.51,0,0,0,0,0,0,0
0.17,0.25,0,0.5,0.06,1.24,0.075,0
0,0,0,0,0.07,0.21,0.155,0
0,0,0,0,0,0,0,0
0,0,0,0,0,0,0,0
0,0,0,0,0,5,0,0
0,0,0,0,0,0,0,0
0,0,0,0,0,7,0,0
0,0,0,0,0,0,0,0
0,0,0,0,0,0,0,0
0.33,0.45,0,0,0.06,0.4,0.085,0
0,0,0,0,0,0,0,0
1.13,0,0,0,0.7,0.16,0.77,7
29.79,30.55,0.7,8.1,15.21,35.55,20.75,0
0,0,0,0,0,3.66,0,0
0,0,0,0,0,0,0,0
0,0,0,0,0,0,0,0
0,0,0,0,0,0,0,0
0,0,0,0,0,0,0,0
0,0,0,0,0,0,0,0
0,0,0,0,0,0,0,0
0,0,0,0,0,0,0,0
0,0,0,0,0,0,0,0
0,1.3,4.6,2.6,1.96,0,0.17,0
2.18,2.35,14,2.9,5.68,2.63,1.78,0.2
22.51,32.9,34,38,34.84,32.09,19.265,11
0,0,2,0,0.53,1.46,0,0
0,0,0,0,0,0,0,0
0.03,0,1,0,0.02,0.01,0,0
0,0,0,0,0,0,0,0
0,0,0,0,0,0,0,0
0,0,0,0,0,0,0,0
0,0,0,0,0,0,0,0
0,0,0,0,0,0,0,0
0,0,1,0,0,0,0,0
0,0,0,0,0,0,0,0
0,0,0,0,0,0,0,0
0,0,0,0,0,0,0,0
0,0,0,0,0,0,0,0
0,0,0,0,0.06,0,0.02,0
0,0,0.1,0,0.03,0,0.01,0
1.35,4.1,16.4,5.2,13.13,2.24,3.475,0
4.49,7.3,19,4,4.41,5.8,3.67,10.4
12.99,25.8,27,27.6,31.07,9.06,8.275,10.2
1.29,6.1,7,9.5,3.4,2.97,2.075,0
0.49,0.6,1,0,0.04,0.18,0.09,0.4
8.84,3.2,0,0,4.86,9.73,3.495,6
2.81,11.1,15.7,17.2,11.79,3.97,4.325,15
1.54,2.5,2,1.3,2.15,0.93,1.045,0
0.5,0.3,9,0.4,0.32,0.2,0.03,0
25.46,32.65,28,25,34.88,33.29,20.545,26.4
0,0,0.4,0,0.66,1.85,0.31,0
0,0,0,0,0,0,0,0
0,0,0,0,0,0,0,0
0,0,0,0,0,0,0.005,0.1
0.1,0,0,0,0,0,0,0
0,0,0,0,0,0,0,0
0,0,0,0,0,0,0,0
0,0,0,0,0,0,0,0
0,0,0,0,0.03,0,0,0
2.95,7.55,19,8.7,10.55,4.38,2.72,0.7
0,0,0,0,0.11,0.64,0.26,0
3.51,12,7.2,17,8.67,3.14,2.07,0.4
0.97,1,2,2,3.05,3.5,1.09,5.4
0,0,0.1,0,0.08,0,0.02,0
0,0,0,0,0,0,0,0
0,0,0,0,0,0,0,0
5.65,6.55,10,8,10.26,10.99,5.62,5.4
0.15,0,0,0,0.67,3.22,1.545,0
0,0,0,0,0,0,0,0
0.78,3.5,5,5,5.02,0.12,0.545,0
19.9,18.5,22,13,19.3,27.28,12.005,17
2.1,0.2,0,0,1.12,5.32,0.98,0
0,0,0,0,0,0,0,0
0,0,0,0,0,0,0,0
0,0,0,0,0,0,0,0
0,0,0,0,0,0.16,0.01,0
3.36,2.75,4,2.4,2.59,1.58,0.19,0
17.31,18.5,10,15,18.56,26.57,12.81,20
0,0,0,0,0.01,0.41,0.03,0
0,1.5,2,3,0.94,0.31,0.075,0
0.89,0.95,4,0.9,0.7,2.27,1.225,5
17.23,12.15,6.2,6.3,12.15,21.6,11.105,29
0,0.05,0,0.1,0.42,2.08,0.99,0
0,1,0,2,0.32,0,0.02,0
0,0,0,0,0,0,0,0
0,0,0,0,0,0,0.02,0.4
3.48,4.4,7.3,4.2,7.58,3.46,3.26,7
15.8,31,20.5,34,22.9,12.79,10.095,39
0,0,1,0,1.21,0,0.365,0
0,1.6,0.6,3.2,1.39,0.59,0.47,2
0,1,0,2,0.26,0.02,0,0
0,0,0,0,0,0,0,0
0,0,0,0,0,0,0,0
0,0,0,0,0,0,0,0
0,0,0,0,0,0,0,0
0,0,0,0,0,0,0,0
0,0,0,0,0,0,0,0
0.15,1.9,12.6,3.4,6.73,0,1.505,2.2
1.65,4.95,7,6.8,15.34,4.93,5.155,3.4
0,3,3,6,3.67,0.03,0.965,0
14.49,20.2,24,21,19.81,24.69,13.175,0
1.63,0.25,0,0,0.54,2.34,0.02,0
4.57,4.9,6,3.8,3.55,2.38,0.92,1
0,0,0,0,0.13,0.39,0.31,0
0,0,0,0,0,0,0,0
0,0,0,0,0,0,0,0
0,0,0,0,0.35,0,0.105,0
8.35,10.8,10.1,12.3,12.6,10.03,6.145,5
0,0,0,0,0,0,0,0
0,0,0,0,0,0,0,0
0.44,3.1,12,5,4.91,0.19,0.92,0.5
7.06,2,4.9,2,4.29,15.75,3.92,1.6
0.33,0.1,2,0.2,3.63,2.92,1.12,0
0,0,0,0,0.81,2.69,1.855,0.2
0,0,0,0,0,0,0,0
0,0,0,0,0,0,0,0
0.03,0.4,4.2,0.8,3.68,0,0.535,0
0.01,2,2.5,4,2.04,0.45,0.43,0
0.74,2,2,2,0.81,0.17,0.16,0
2.94,0.2,0,0,1.2,4.02,0.125,0
1.07,0.4,0.4,0,0.6,0.59,0.06,7
0,0,0.9,0,0.16,0,0,0
0,0,0.3,0,0,0,0,0
0,0,0,0,0,0,0,0
0,0,0,0,0,0,0,0
0,0,0,0,0,0,0,0
0,0,0,0,0,0,0,0
0,0,0.6,0,0,0,0,0
0,0,0.4,0,0.37,0.2,0.085,0
0,0,0,0,0,0,0,0
0,0,0,0,0,0,0,0
0,0,0,0,0,0,0,0
0,0,0,0,0,0,0,0
0,0,0,0,0,0,0,0
0,0,0,0,0,0,0,0
0,0,0,0,0,0,0,0
0,0,0,0,0,0,0,0
0,0,0,0,0,0,0,0
0,0,0,0,0,0,0,0
0,0,0,0,0,0,0,0
0,0,0,0,0,0,0,0
0,0,0,0,0,0,0,0
0,0,0,0,0,0,0,0
0,0,0,0,0,0,0,0
0.04,0.05,0,0,0,0,0,0
0,0,0,0,0,0,0,0
0,0,0,0,0,0,0,0
0.7,0.05,0,0,0.11,0.11,0,0
0.18,0,0,0,0.11,0.36,0.005,0
5.03,0.45,0.1,0.8,2.98,1.85,0,0.4
6.33,0.05,0,0,1.22,2.52,0.155,0
0.05,0,0,0,0,0,0,0
0,0,0,0,0,0,0,0
3.75,2.35,8.2,4.6,4.37,3.92,0.82,5
4.95,3.1,5.3,3.8,4.59,6.06,1.98,0
0,0,0,0,0,0,0,0
0,0,0,0,0,0,0,0
0,0,0,0,0,0,0,0
0,0,0,0,0,0,0,0
0,0,0,0,0,0,0,0
0,0,0,0,0,0,0,0
0,0,0,0,0,0,0,0
0,0,0,0,0,0,0,0
0,0,0,0,0,0,0,0
0.07,2.45,7,4.7,1.4,0,0,0
21.09,36,74,42,13.66,6.54,1.49,0.5
12.35,1.15,2.4,0.3,5.82,11.07,2.4,0
0,0,0,0,0,0.18,0,0
3.3,3.9,0,0.3,0.74,1.25,0.46,3.3
23.96,23.5,4.3,12,19.61,21.76,8.455,15
1.69,0.15,0,0,0.26,1.57,0.31,0
0,0,0,0,0,0,0,0
0.02,0,0,0,0,0.04,0,0
0,0,0,0,0,0,0,0
0,0,0,0,0.26,0,0,0
2.49,0.55,6,0,1.14,0.74,0,0
0.03,0,0,0,0.19,0.07,0,0
0.36,0.15,0,0,0.92,1.07,1.055,0.1
2.31,0.2,0,0.4,1.71,0.92,0.245,0
0,0,0,0,0.07,0.44,0.235,0
0,0,0,0,0.03,0.08,0.06,0
4.65,1.7,0.7,0,1.72,1.65,0.055,0
9.03,3.9,6,3.5,4.26,9.27,1.185,0
0,0,0,0,0,0.04,0,0
0,1.5,5,3,2.32,0,0.32,0
2.46,3.6,2,4,3.35,3.18,1.74,0.1
0,0,0,0,0,0,0,0
1.65,2.45,0.2,0.8,0.98,0.12,0.04,0
11.41,8.25,26,5.5,12.87,11.07,5.24,4.4
7.6,9.8,6,10,9,15.36,6.495,16.7
2.24,1,0,0,0.77,7.87,1.1,6
0,0,0,0,0,0,0,0
0,0,0,0,0,0,0,0
0,0,0,0,0,0,0,0
0,0,0,0,0,0,0,0
0.02,0.1,3,0.2,0.9,0.26,0.28,0
7.99,13.7,23.8,12.2,10.93,5.13,3.755,0.6
3.29,1.5,0,0,0.42,3.43,0.27,1
24.22,19.5,17,12,16.94,4.47,4.185,0
3.67,3.4,0,6,3.44,10.02,4.105,1.4
0,0.5,0,1,0.13,0.07,0,1
0,0,0,0,0,0,0,0
0.2,0,0,0,0.07,0.05,0,0
0,0,0,0,0,0,0,0
0,0,0,0,0,0,0,0
0.01,0,0,0,0,0,0,0
0.01,0,0,0,0,0,0,0
0,0,0,0,0,0,0,0
1.08,0.6,4.2,0.2,0.79,0.15,0.215,0
0.42,0.35,0,0,0,0,0,0
0.02,0,0,0,0.53,1.02,0.63,0
0,0,1,0,0,0,0,0
0,0,5,0,0,0,0,0
0,0,0,0,0,0,0,0
0,0,0,0,0,0,0,0
0,0,0,0,0,0,0,0
0,0,0,0,0,0,0,0
2.04,0.45,0.2,0.2,0.6,0.47,0.045,0
0,0,0,0,0,0,0,0
0,0,0,0,0,0,0,0
0,0,0,0,0,0,0,0
0,0,0,0,0,0,0,0
0,0,0,0,0,0,0,0
0.25,0.2,1,0.4,0.16,0.22,0.01,0
3.76,2,0,0,1.08,0.89,0,0
0,0,0,0,0,0,0,0
0,0,0,0,0,0,0,0
0,0,0,0,0,0,0,0
0,0,0,0,0,0,0,0
0,0,0,0,0,0,0,0
0,0,0,0,0,0,0,0
0,0,0,0,0,0,0,0
0,0,0,0,0,0,0,0
0,0,0,0,0,0,0,0
0,0,0,0,0,0,0,0
0,0,0,0,0,0,0,0
0,0,0,0,0,0,0,0
0,0,0,0,0,0,0,0
0,0,0,0,0,0,0,0
0,0,0,0,0,0,0,0
0.74,0.2,0,0,0.36,0.24,0,0
1.08,0.15,1,0.1,0.37,0.24,0,0
0,0,0,0,0,0,0,0
0,0,0,0,0,0,0,0
0.6,0,0,0,0.36,0.24,0,0
0,0,0,0,0,0,0,0
0,0,0,0,0,0,0,0
0.6,0,0,0,0.36,0.24,0,0
0.03,0,0,0,0,0,0,0
0,0,0,0,0,0,0,0
0,0,0,0,0,0,0,0
0,0,0,0,0,0,0,0
0,0,0,0,0,0,0,0
0,0,0,0,0,0,0,0
0,0,0,0,0,0,0,0
0,0,0,0,0,0,0,0
0,0,0,0,0,0,0,0
0,0,0,0,0,0,0,0
0,0,0,0,0,0,0,0
0,0,0,0,0,0,0,0
0,0,0,0,0,0,0,0
0,0,0,0,0,0,0,0
0,0,0,0,0,0,0,0
2.39,2,0,0,0.36,0.24,0,0
0,0,0,0,0,0,0,0
0,0,0,0,0,0,0,0
0.29,0.05,0,0,0,0,0,0
0.51,0.1,0,0.2,0.23,0.16,0,0
5.88,3.55,0.2,0,0.05,0.04,0,0
0.51,0,0,0,0,0,0,0
0,0,0,0,0,0,0,0
0,0,0,0,0,0,0,0
0,0,0,0,0,0,0,0
0,0,0,0,0,0,0,0
0,0,0,0,0,0,0,0
0,0,0,0,0,0,0,0
0,0,0,0,0,0,0,0
0,0,0,0,0,0,0,0
0,0,0,0,0,0,0,0
0,0,0,0,0,0,0,0
0,0,0,0,0,0,0,0
0,0,0,0,0,0,0,0
0,0,0,0,0,0,0,0
0,0,0,0,0,0,0,0
0,0,0,0,0,0,0,0
0,0,0,0,0,0,0,0
0,0,0,0,0,0,0,0
0,0,0,0,0,0,0,0
0,0,0,0,0,0,0,0
0,0,0,0,0,0,0,0
0,0,0,0,0,0,0,0
0,0,0,0,0,0,0,0
0,0,0,0,0,0,0,0
0,0,0,0,0,0,0,0
0,0,0,0,0,0,0,0
0,0,0,0,0,0,0,0
0,0,0,0,0,0,0,0
0,0,0,0,0,0,0,0
0,0,0,0,0,0,0,0
0,0,0,0,0,0,0,0
0,0,0,0,0,0,0,0
0,0,0,0,0,0,0,0
0,0,0,0,0,0,0,0
0,0,0,0,0,0,0,0
0,0,0,0,0,0,0,0
0,0,0,0,0,0,0,0
0.06,0,0,0,0.04,0.02,0,0
0,0,0,0,0,0,0,0
0,0,0,0,0,0,0,0
0,0,0,0,0,0,0,0
0,0,0,0,0,0,0,0
0,0,0,0,0,0,0,0
0,0,0,0,0,0,0,0
0,0,0,0,0,0,0,0
0,0,0,0,0,0,0,0
0,0,0,0,0,0,0,0
0,0,0,0,0,0,0,0
0,0,0,0,0,0,0,0
0,0,0,0,0,0,0,0
0,0,0,0,0,0,0,0
0,0,0,0,0,0,0,0
0,0,0,0,0,0,0,0
0,0,0,0,0,0,0,0
0,0,0,0,0,0,0,0
0,0,0,0,0,0,0,0
0,0,0,0,0,0,0,0
0,0,0,0,0,0,0,0
0,0,0,0,0,0,0,0
0,0,0,0,0,0,0,0
0,0,0,0,0,0,0,0
0,0,0,0,0,0,0,0
0,0,0,0,0,0,0,0
0,0,0,0,0,0,0,0
0,0,0,0,0,0,0,0
0,0,0,0,0,0,0,0
0,0,0,0,0,0,0,0
0,0,0,0,0,0,0,0
0,0,0,0,0,0,0,0
0,0,0,0,0,0,0,0
0,0,0,0,0,0,0,0
